Season,Age,Tm,Lg,Player,G,GS,MP,PER,3PAr,FTr,ORB%,DRB%,TRB%,AST%,STL%,BLK%,TOV%,USG%,ORtg,DRtg,OWS,DWS,WS,WS/48,OBPM,DBPM,BPM,VORP,Pos,Hand,Height,Weight,Clg,DraftRk,Exp,player_url
2004-05,28,POR,NBA,Shareef Abdur-Rahim,54,49,1867,18.7,.058,.379,7.9,16.0,12.1,10.7,1.4,1.0,13.0,22.1,113,108,3.9,1.5,5.4,.139,1.4,-0.5,0.8,1.3,CPFSF,Right,6.75,225.0,University of California,3,8,/players/a/abdursh01.html
2005-06,29,SAC,NBA,Shareef Abdur-Rahim,72,30,1961,17.2,.035,.440,6.4,14.8,10.6,13.2,1.3,1.6,12.5,20.1,115,105,4.0,2.2,6.2,.152,0.4,0.4,0.9,1.4,CPFSF,Right,6.75,225.0,University of California,3,9,/players/a/abdursh01.html
2006-07,30,SAC,NBA,Shareef Abdur-Rahim,80,45,2015,13.1,.031,.358,7.0,16.4,11.6,9.2,1.3,1.5,13.3,19.5,103,108,1.1,1.7,2.8,.067,-2.1,0.0,-2.1,-0.1,CPFSF,Right,6.75,225.0,University of California,3,10,/players/a/abdursh01.html
2007-08,31,SAC,NBA,Shareef Abdur-Rahim,6,0,51,5.5,.000,.286,14.2,9.1,11.6,11.1,1.0,0.0,6.0,14.7,95,114,0.0,0.0,0.0,-.005,-3.6,-2.1,-5.7,0.0,CPFSF,Right,6.75,225.0,University of California,3,11,/players/a/abdursh01.html
2005-06,23,DET,NBA,Alex Acker,5,0,35,-2.4,.313,.000,3.4,13.7,8.5,17.9,1.6,0.0,20.0,27.2,61,105,-0.2,0.0,-0.2,-.230,-10.4,-1.9,-12.3,-0.1,SG,Right,6.416666666666667,185.0,Pepperdine University,60,0,/players/a/ackeral01.html
2008-09,26,TOT,NBA,Alex Acker,25,0,199,10.4,.263,.132,4.5,9.6,7.0,10.2,1.3,1.5,8.0,20.1,94,114,-0.1,0.1,0.0,-.011,-3.6,-2.4,-6.0,-0.2,SG,Right,6.416666666666667,185.0,Pepperdine University,60,3,/players/a/ackeral01.html
2012-13,22,TOR,NBA,Quincy Acy,29,0,342,15.9,.027,.507,10.3,16.6,13.4,5.2,2.0,3.5,15.6,14.7,120,105,0.7,0.4,1.1,.157,-0.6,1.3,0.7,0.2,SFPF,Right,6.583333333333333,240.0,Baylor University,37,0,/players/a/acyqu01.html
2013-14,23,TOT,NBA,Quincy Acy,63,0,847,10.1,.106,.376,9.5,19.5,14.4,4.9,1.4,2.5,15.4,10.1,109,107,0.6,0.9,1.5,.086,-2.5,1.4,-1.1,0.2,SFPF,Right,6.583333333333333,240.0,Baylor University,37,1,/players/a/acyqu01.html
2014-15,24,NYK,NBA,Quincy Acy,68,22,1287,11.9,.181,.293,6.9,20.5,13.5,8.7,1.1,1.4,13.8,15.5,105,109,1.0,0.7,1.7,.063,-2.3,-0.8,-3.1,-0.3,SFPF,Right,6.583333333333333,240.0,Baylor University,37,2,/players/a/acyqu01.html
2015-16,25,SAC,NBA,Quincy Acy,59,29,876,14.7,.229,.318,8.1,15.1,11.6,4.4,1.6,2.2,10.0,13.1,124,108,1.8,0.7,2.5,.137,0.2,0.0,0.2,0.5,SFPF,Right,6.583333333333333,240.0,Baylor University,37,3,/players/a/acyqu01.html
2006-07,22,NJN,NBA,Hassan Adams,61,8,495,13.0,.007,.267,8.4,9.9,9.2,4.5,1.8,0.6,12.7,16.3,109,107,0.5,0.5,1.0,.095,-2.4,-1.2,-3.6,-0.2,SG,Right,6.333333333333333,220.0,University of Arizona,54,0,/players/a/adamsha01.html
2008-09,24,TOR,NBA,Hassan Adams,12,0,52,0.4,.000,.462,2.3,13.4,7.9,2.8,1.0,1.5,20.4,17.4,63,111,-0.2,0.0,-0.2,-.144,-10.6,-1.3,-12.0,-0.1,SG,Right,6.333333333333333,220.0,University of Arizona,54,2,/players/a/adamsha01.html
2014-15,20,MEM,NBA,Jordan Adams,30,0,248,12.8,.291,.267,4.2,8.7,6.4,10.1,3.4,2.3,12.7,20.4,96,100,0.0,0.4,0.4,.073,-1.8,1.2,-0.6,0.1,SG,Right,6.416666666666667,209.0,"University of California, Los Angeles",22,0,/players/a/adamsjo01.html
2015-16,21,MEM,NBA,Jordan Adams,2,0,15,17.3,.167,.833,0.0,15.9,7.6,31.9,10.3,0.0,19.6,30.5,84,90,0.0,0.0,0.0,.015,-2.9,4.8,1.9,0.0,SG,Right,6.416666666666667,209.0,"University of California, Los Angeles",22,1,/players/a/adamsjo01.html
2013-14,20,OKC,NBA,Steven Adams,81,20,1197,11.2,.000,.735,14.1,17.1,15.6,4.9,1.7,3.9,22.5,11.7,108,102,0.9,1.9,2.9,.114,-2.1,2.4,0.3,0.7,C,Right,7.0,255.0,University of Pittsburgh,12,0,/players/a/adamsst01.html
2014-15,21,OKC,NBA,Steven Adams,70,67,1771,14.1,.005,.514,12.2,19.3,15.8,5.5,1.1,3.8,16.8,14.3,108,104,1.9,2.2,4.1,.111,-1.4,1.8,0.4,1.1,C,Right,7.0,255.0,University of Pittsburgh,12,1,/players/a/adamsst01.html
2015-16,22,OKC,NBA,Steven Adams,80,80,2014,15.5,.000,.460,12.5,16.1,14.4,4.3,1.0,3.3,14.1,12.6,123,105,4.2,2.3,6.5,.155,0.8,1.3,2.1,2.1,C,Right,7.0,255.0,University of Pittsburgh,12,2,/players/a/adamsst01.html
2010-11,24,GSW,NBA,Jeff Adrien,23,0,196,11.3,.000,.352,13.0,20.7,16.8,7.3,1.0,1.9,12.6,16.1,102,110,0.1,0.1,0.2,.051,-3.9,-1.2,-5.1,-0.2,PF,Right,6.583333333333333,245.0,University of Connecticut,61,0,/players/a/adrieje01.html
2011-12,25,HOU,NBA,Jeff Adrien,8,0,63,11.2,.000,.750,9.1,31.6,20.3,2.4,0.0,2.4,8.6,16.8,106,103,0.1,0.1,0.1,.106,-5.4,-2.3,-7.7,-0.1,PF,Right,6.583333333333333,245.0,University of Connecticut,61,1,/players/a/adrieje01.html
2012-13,26,CHA,NBA,Jeff Adrien,52,5,713,13.4,.012,.595,10.6,21.2,15.7,8.3,1.3,3.1,13.1,15.6,105,109,0.5,0.4,1.0,.064,-3.0,-0.2,-3.3,-0.2,PF,Right,6.583333333333333,245.0,University of Connecticut,61,2,/players/a/adrieje01.html
2013-14,27,TOT,NBA,Jeff Adrien,53,12,961,17.4,.000,.433,11.8,24.8,18.2,6.8,1.3,3.0,10.6,17.3,114,106,1.6,1.1,2.7,.134,-1.4,0.3,-1.1,0.2,PF,Right,6.583333333333333,245.0,University of Connecticut,61,3,/players/a/adrieje01.html
2014-15,28,MIN,NBA,Jeff Adrien,17,0,215,14.2,.000,.864,11.9,29.6,20.5,10.5,0.9,3.3,12.9,14.3,109,108,0.2,0.2,0.4,.087,-2.7,0.5,-2.2,0.0,PF,Right,6.583333333333333,245.0,University of Connecticut,61,4,/players/a/adrieje01.html
2007-08,22,DET,NBA,Arron Afflalo,75,9,970,10.2,.199,.361,4.4,12.5,8.4,8.1,1.8,0.7,10.9,15.2,104,104,0.5,1.4,1.9,.092,-2.3,0.6,-1.6,0.1,SGSF,Right,6.416666666666667,210.0,"University of California, Los Angeles",27,0,/players/a/afflaar01.html
2008-09,23,DET,NBA,Arron Afflalo,74,8,1234,8.9,.357,.237,2.8,10.1,6.4,5.5,1.3,0.8,11.5,14.5,107,110,0.8,1.0,1.8,.069,-1.7,-0.7,-2.4,-0.1,SGSF,Right,6.416666666666667,210.0,"University of California, Los Angeles",27,1,/players/a/afflaar01.html
2009-10,24,DEN,NBA,Arron Afflalo,82,75,2221,10.9,.426,.168,3.1,9.9,6.5,9.3,1.0,1.0,10.5,14.0,114,111,2.8,1.4,4.3,.092,0.8,-0.5,0.3,1.3,SGSF,Right,6.416666666666667,210.0,"University of California, Los Angeles",27,2,/players/a/afflaar01.html
2010-11,25,DEN,NBA,Arron Afflalo,69,69,2324,13.6,.396,.260,2.3,9.9,6.2,10.9,0.7,1.0,9.2,14.8,123,111,4.8,1.4,6.2,.128,2.4,-0.2,2.1,2.4,SGSF,Right,6.416666666666667,210.0,"University of California, Los Angeles",27,3,/players/a/afflaar01.html
2011-12,26,DEN,NBA,Arron Afflalo,62,62,2086,14.7,.316,.353,2.3,8.5,5.5,11.1,0.9,0.5,9.5,19.1,116,111,4.7,0.6,5.3,.121,2.5,-1.6,0.8,1.5,SGSF,Right,6.416666666666667,210.0,"University of California, Los Angeles",27,4,/players/a/afflaar01.html
2012-13,27,ORL,NBA,Arron Afflalo,64,64,2307,13.0,.265,.246,1.4,10.3,5.8,14.6,0.9,0.4,12.1,22.5,102,112,1.5,0.5,2.0,.042,-0.3,-2.0,-2.3,-0.2,SGSF,Right,6.416666666666667,210.0,"University of California, Los Angeles",27,5,/players/a/afflaar01.html
2013-14,28,ORL,NBA,Arron Afflalo,73,73,2552,16.0,.297,.332,1.4,10.2,5.8,16.9,0.7,0.1,11.2,23.3,110,112,4.3,1.0,5.3,.099,1.7,-2.3,-0.6,0.9,SGSF,Right,6.416666666666667,210.0,"University of California, Los Angeles",27,6,/players/a/afflaar01.html
2014-15,29,TOT,NBA,Arron Afflalo,78,72,2502,10.7,.377,.224,1.1,9.7,5.3,8.2,0.8,0.2,10.7,19.0,103,111,1.6,1.0,2.6,.050,-0.5,-1.3,-1.8,0.1,SGSF,Right,6.416666666666667,210.0,"University of California, Los Angeles",27,7,/players/a/afflaar01.html
2015-16,30,NYK,NBA,Arron Afflalo,71,57,2371,10.9,.298,.164,1.1,11.0,6.1,9.9,0.5,0.3,8.7,17.9,105,112,1.8,0.9,2.7,.055,-0.6,-1.8,-2.4,-0.2,SGSF,Right,6.416666666666667,210.0,"University of California, Los Angeles",27,8,/players/a/afflaar01.html
2006-07,22,DAL,NBA,Maurice Ager,32,1,214,2.9,.214,.471,0.6,11.0,5.9,5.0,1.0,1.1,15.1,21.7,79,106,-0.5,0.2,-0.3,-.060,-7.5,-1.8,-9.3,-0.4,SG,Right,6.416666666666667,202.0,Michigan State University,28,0,/players/a/agerma01.html
2007-08,23,TOT,NBA,Maurice Ager,26,3,165,1.8,.292,.185,2.8,6.3,4.6,8.0,0.0,0.4,7.9,21.3,77,114,-0.4,0.0,-0.4,-.114,-6.8,-4.5,-11.3,-0.4,SG,Right,6.416666666666667,202.0,Michigan State University,28,1,/players/a/agerma01.html
2008-09,24,NJN,NBA,Maurice Ager,20,0,97,2.2,.140,.186,3.6,8.7,6.1,5.3,0.6,1.7,7.9,24.4,77,115,-0.3,0.0,-0.3,-.133,-8.5,-4.3,-12.8,-0.3,SG,Right,6.416666666666667,202.0,Michigan State University,28,2,/players/a/agerma01.html
2010-11,26,MIN,NBA,Maurice Ager,4,0,29,10.1,.364,.000,0.0,7.9,3.8,6.0,1.7,0.0,26.7,22.0,94,114,0.0,0.0,0.0,-.015,-2.7,-3.6,-6.3,0.0,SG,Right,6.416666666666667,202.0,Michigan State University,28,4,/players/a/agerma01.html
2007-08,23,MIA,NBA,Blake Ahearn,12,0,177,9.0,.596,.544,0.7,12.4,6.4,17.2,1.8,0.0,18.5,23.2,94,111,-0.1,0.1,0.0,-.006,-2.8,-2.8,-5.6,-0.2,PG,Right,6.166666666666667,190.0,Missouri State University,61,0,/players/a/ahearbl01.html
2008-09,24,SAS,NBA,Blake Ahearn,3,0,19,12.9,.667,.333,0.0,6.2,3.1,16.0,2.9,0.0,12.7,20.1,113,104,0.0,0.0,0.1,.149,0.6,-1.8,-1.1,0.0,PG,Right,6.166666666666667,190.0,Missouri State University,61,1,/players/a/ahearbl01.html
2011-12,27,UTA,NBA,Blake Ahearn,4,0,30,-7.3,.643,.000,0.0,7.7,3.8,5.2,0.0,0.0,26.3,28.4,57,113,-0.2,0.0,-0.2,-.315,-10.3,-6.0,-16.3,-0.1,PG,Right,6.166666666666667,190.0,Missouri State University,61,4,/players/a/ahearbl01.html
2008-09,20,CHA,NBA,Alexis Ajinca,31,4,182,7.0,.029,.406,6.2,14.2,10.2,2.8,2.1,2.7,12.9,24.2,86,104,-0.3,0.3,-0.1,-.018,-8.1,-1.2,-9.3,-0.3,CPF,Right,7.166666666666667,248.0,None,20,0,/players/a/ajincal01.html
2009-10,21,CHA,NBA,Alexis Ajinca,6,0,30,6.3,.000,.100,4.1,11.8,8.0,0.0,1.8,2.7,16.1,19.3,81,103,-0.1,0.0,0.0,-.013,-8.5,-2.0,-10.4,-0.1,CPF,Right,7.166666666666667,248.0,None,20,1,/players/a/ajincal01.html
2010-11,22,TOT,NBA,Alexis Ajinca,34,2,340,12.2,.256,.135,5.9,21.5,13.6,4.8,1.7,4.2,11.3,21.1,98,107,0.0,0.4,0.4,.052,-3.1,-0.3,-3.4,-0.1,CPF,Right,7.166666666666667,248.0,None,20,2,/players/a/ajincal01.html
2013-14,25,NOP,NBA,Alexis Ajinca,56,30,951,14.6,.004,.269,11.3,22.7,16.9,6.6,1.3,4.1,18.4,16.3,110,107,1.2,0.9,2.1,.104,-1.5,0.8,-0.7,0.3,CPF,Right,7.166666666666667,248.0,None,20,5,/players/a/ajincal01.html
2014-15,26,NOP,NBA,Alexis Ajinca,68,8,957,19.9,.000,.301,12.4,25.0,18.7,8.2,1.2,4.0,15.6,21.1,113,103,1.9,1.2,3.2,.159,-0.5,0.6,0.2,0.5,CPF,Right,7.166666666666667,248.0,None,20,6,/players/a/ajincal01.html
2015-16,27,NOP,NBA,Alexis Ajinca,59,17,861,13.8,.003,.197,9.3,25.9,17.3,5.8,1.1,3.4,13.6,20.4,100,107,0.2,0.9,1.0,.058,-4.3,-0.2,-4.5,-0.5,CPF,Right,7.166666666666667,248.0,None,20,7,/players/a/ajincal01.html
2012-13,26,DAL,NBA,Josh Akognon,3,0,9,15.3,.500,.000,0.0,12.1,6.2,19.4,0.0,0.0,0.0,20.3,130,111,0.0,0.0,0.0,.196,4.7,-4.9,-0.2,0.0,PG,Right,5.083333333333333,185.0,"California State University, Fullerton",61,0,/players/a/akognjo01.html
2010-11,22,TOR,NBA,Solomon Alabi,12,0,59,2.0,.000,.133,13.7,14.4,14.1,4.6,1.8,2.6,15.9,14.3,61,112,-0.2,0.0,-0.2,-.142,-8.2,0.0,-8.2,-0.1,C,Right,7.083333333333333,251.0,Florida State University,50,0,/players/a/alabiso01.html
2011-12,23,TOR,NBA,Solomon Alabi,14,0,122,14.2,.000,.222,14.6,30.4,22.6,4.1,0.9,6.0,11.2,17.2,95,98,0.0,0.2,0.2,.083,-5.6,1.5,-4.1,-0.1,C,Right,7.083333333333333,251.0,Florida State University,50,1,/players/a/alabiso01.html
2014-15,23,PHI,NBA,Furkan Aldemir,41,9,540,12.0,.064,.346,14.9,20.7,17.7,8.3,1.6,2.4,15.9,8.6,117,104,0.7,0.7,1.4,.122,-2.7,2.0,-0.7,0.2,PF,Right,6.083333333333333,240.0,None,53,0,/players/a/aldemfu01.html
2010-11,22,OKC,NBA,Cole Aldrich,18,0,142,7.0,.000,.267,11.1,17.5,14.4,4.0,1.8,3.6,32.3,7.9,98,104,0.0,0.2,0.2,.066,-3.4,2.6,-0.8,0.0,C,Right,6.083333333333333,250.0,University of Kansas,11,0,/players/a/aldrico01.html
2011-12,23,OKC,NBA,Cole Aldrich,26,0,173,17.7,.000,.333,9.2,21.6,15.8,2.7,2.4,6.7,15.7,14.9,113,96,0.3,0.4,0.6,.176,-2.4,2.7,0.3,0.1,C,Right,6.083333333333333,250.0,University of Kansas,11,1,/players/a/aldrico01.html
2012-13,24,TOT,NBA,Cole Aldrich,45,0,388,11.1,.000,.250,8.7,26.7,17.7,3.4,0.7,4.6,20.6,12.7,102,105,0.1,0.4,0.6,.070,-4.8,0.7,-4.0,-0.2,C,Right,6.083333333333333,250.0,University of Kansas,11,2,/players/a/aldrico01.html
2013-14,25,NYK,NBA,Cole Aldrich,46,2,330,19.1,.000,.492,12.8,33.8,23.0,6.4,1.3,8.1,19.5,13.0,120,100,0.6,0.6,1.2,.178,-2.6,3.8,1.2,0.3,C,Right,6.083333333333333,250.0,University of Kansas,11,3,/players/a/aldrico01.html
2014-15,26,NYK,NBA,Cole Aldrich,61,16,976,18.1,.000,.213,11.6,28.9,20.0,13.3,2.0,5.5,15.2,18.3,104,102,0.8,1.4,2.2,.107,-2.2,3.1,0.9,0.7,C,Right,6.083333333333333,250.0,University of Kansas,11,4,/players/a/aldrico01.html
2015-16,27,LAC,NBA,Cole Aldrich,60,5,800,21.3,.000,.373,11.9,27.1,19.6,10.0,2.9,6.7,19.6,18.4,113,94,1.4,2.0,3.5,.209,-1.0,5.8,4.8,1.4,C,Right,6.083333333333333,250.0,University of Kansas,11,5,/players/a/aldrico01.html
2006-07,21,POR,NBA,LaMarcus Aldridge,63,22,1392,17.1,.004,.240,12.6,15.3,13.9,3.2,0.9,4.2,7.5,19.3,113,109,2.5,1.0,3.4,.118,-0.3,-0.6,-0.9,0.4,PFC,Right,6.083333333333333,260.0,University of Texas at Austin,2,0,/players/a/aldrila01.html
2007-08,22,POR,NBA,LaMarcus Aldridge,76,76,2649,18.5,.006,.257,9.8,15.8,12.8,8.8,1.1,2.8,8.9,25.3,108,107,3.5,2.8,6.2,.113,0.1,0.7,0.8,1.8,PFC,Right,6.083333333333333,260.0,University of Texas at Austin,2,1,/players/a/aldrila01.html
2008-09,23,POR,NBA,LaMarcus Aldridge,81,81,3004,19.1,.023,.269,9.5,15.6,12.5,9.3,1.4,2.0,8.0,23.7,115,108,6.1,3.3,9.5,.151,1.2,0.7,1.9,3.0,PFC,Right,6.083333333333333,260.0,University of Texas at Austin,2,2,/players/a/aldrila01.html
2009-10,24,POR,NBA,LaMarcus Aldridge,78,78,2922,18.2,.014,.260,8.1,18.6,13.3,9.9,1.3,1.3,7.4,22.9,113,107,5.5,3.3,8.8,.145,0.9,0.6,1.6,2.6,PFC,Right,6.083333333333333,260.0,University of Texas at Austin,2,3,/players/a/aldrila01.html
2010-11,25,POR,NBA,LaMarcus Aldridge,81,81,3211,21.5,.016,.314,10.1,17.2,13.5,10.1,1.4,2.4,8.7,25.7,114,107,7.6,3.5,11.1,.166,1.9,0.5,2.4,3.5,PFC,Right,6.083333333333333,260.0,University of Texas at Austin,2,4,/players/a/aldrila01.html
2011-12,26,POR,NBA,LaMarcus Aldridge,55,55,1994,22.7,.012,.291,8.6,17.5,12.9,13.2,1.3,1.7,9.5,27.0,113,106,5.4,1.6,7.0,.169,2.7,-0.2,2.4,2.2,PFC,Right,6.083333333333333,260.0,University of Texas at Austin,2,5,/players/a/aldrila01.html
2012-13,27,POR,NBA,LaMarcus Aldridge,74,74,2790,20.4,.011,.264,7.2,20.9,14.0,13.0,1.2,2.5,8.9,26.5,108,107,4.8,2.3,7.2,.124,0.3,0.5,0.8,2.0,PFC,Right,6.083333333333333,260.0,University of Texas at Austin,2,6,/players/a/aldrila01.html
2013-14,28,POR,NBA,LaMarcus Aldridge,69,69,2498,21.8,.011,.253,7.2,25.5,16.5,13.0,1.3,1.9,7.2,29.8,108,104,4.0,3.5,7.5,.144,-0.4,0.7,0.3,1.5,PFC,Right,6.083333333333333,260.0,University of Texas at Austin,2,7,/players/a/aldrila01.html
2014-15,29,POR,NBA,LaMarcus Aldridge,71,71,2512,22.8,.074,.256,7.7,22.9,15.5,9.2,1.0,1.9,7.2,30.2,108,102,4.9,3.7,8.6,.165,0.3,0.0,0.3,1.4,PFC,Right,6.083333333333333,260.0,University of Texas at Austin,2,8,/players/a/aldrila01.html
2015-16,30,SAS,NBA,LaMarcus Aldridge,74,74,2261,22.4,.015,.289,9.2,22.2,15.9,8.1,0.9,2.8,7.8,25.9,114,99,5.6,4.5,10.1,.215,0.7,1.1,1.8,2.2,PFC,Right,6.083333333333333,260.0,University of Texas at Austin,2,9,/players/a/aldrila01.html
2015-16,20,POR,NBA,Cliff Alexander,8,0,36,11.6,.000,.000,6.0,12.1,9.0,0.0,1.4,4.4,9.1,13.3,100,107,0.0,0.0,0.0,.052,-5.7,-1.3,-7.0,0.0,PF,Right,6.666666666666667,245.0,University of Kansas,61,0,/players/a/alexacl01.html
2004-05,31,CHA,NBA,Cory Alexander,16,1,201,8.8,.388,.245,4.3,12.6,8.2,27.7,2.3,0.4,25.9,16.2,91,108,-0.2,0.2,0.0,.002,-2.9,-0.5,-3.4,-0.1,SGPG,Right,6.083333333333333,185.0,University of Virginia,29,9,/players/a/alexaco01.html
2008-09,22,MIL,NBA,Joe Alexander,59,0,716,10.1,.188,.339,6.9,12.3,9.5,9.5,1.1,3.4,15.6,20.9,96,108,-0.3,0.7,0.4,.030,-3.4,0.2,-3.3,-0.2,SF,Right,6.666666666666667,230.0,West Virginia University,8,0,/players/a/alexajo01.html
2009-10,23,CHI,NBA,Joe Alexander,8,0,29,2.8,.167,.500,7.8,11.3,9.6,9.3,1.8,2.6,0.0,11.3,88,104,0.0,0.0,0.0,.030,-5.2,1.5,-3.7,0.0,SF,Right,6.666666666666667,230.0,West Virginia University,8,1,/players/a/alexajo01.html
2011-12,22,PHI,NBA,Lavoy Allen,41,15,624,12.7,.000,.084,8.3,22.2,15.2,8.4,1.1,2.2,10.4,14.5,104,98,0.4,1.2,1.6,.124,-3.1,1.8,-1.3,0.1,CPF,Right,6.75,260.0,Temple University,50,0,/players/a/allenla01.html
2012-13,23,PHI,NBA,Lavoy Allen,79,37,1669,11.5,.002,.132,10.5,16.5,13.4,6.7,0.8,2.6,10.3,14.8,103,106,0.9,1.6,2.5,.072,-3.2,0.6,-2.6,-0.3,CPF,Right,6.75,260.0,Temple University,50,1,/players/a/allenla01.html
2013-14,24,TOT,NBA,Lavoy Allen,65,2,1072,12.5,.043,.167,11.7,20.0,15.7,10.1,1.1,2.4,12.0,14.6,104,108,0.6,0.9,1.5,.066,-3.1,0.3,-2.8,-0.2,CPF,Right,6.75,260.0,Temple University,50,2,/players/a/allenla01.html
2014-15,25,IND,NBA,Lavoy Allen,63,0,1070,14.9,.000,.157,12.8,20.5,16.7,10.9,0.7,3.1,11.1,15.2,109,102,1.3,1.6,2.8,.127,-1.4,2.2,0.8,0.8,CPF,Right,6.75,260.0,Temple University,50,3,/players/a/allenla01.html
2015-16,26,IND,NBA,Lavoy Allen,79,28,1599,12.4,.000,.197,11.1,17.8,14.5,7.1,0.8,2.1,14.6,13.0,110,104,1.6,2.1,3.7,.110,-2.1,1.4,-0.6,0.6,CPF,Right,6.75,260.0,Temple University,50,4,/players/a/allenla01.html
2004-05,26,TOT,NBA,Malik Allen,36,1,519,14.2,.000,.158,9.0,13.3,11.0,5.7,0.9,3.2,8.7,18.1,108,106,0.6,0.5,1.1,.100,-2.0,-0.3,-2.3,0.0,PF,Right,6.083333333333333,255.0,Villanova University,61,3,/players/a/allenma01.html
2005-06,27,CHI,NBA,Malik Allen,54,20,701,11.5,.004,.154,7.2,15.7,11.5,4.9,1.0,1.8,11.4,19.2,98,104,0.0,1.0,1.0,.068,-3.9,0.0,-3.9,-0.3,PF,Right,6.083333333333333,255.0,Villanova University,61,4,/players/a/allenma01.html
2006-07,28,CHI,NBA,Malik Allen,60,1,638,10.4,.004,.132,7.6,13.7,10.6,4.2,1.4,2.0,7.1,20.5,96,100,-0.2,1.1,1.0,.073,-4.9,-0.3,-5.2,-0.5,PF,Right,6.083333333333333,255.0,Villanova University,61,5,/players/a/allenma01.html
2007-08,29,TOT,NBA,Malik Allen,73,16,1096,9.8,.006,.076,7.0,13.6,10.4,6.8,0.9,2.2,11.7,16.1,100,109,0.1,0.9,1.0,.045,-3.6,-0.3,-3.9,-0.5,PF,Right,6.083333333333333,255.0,Villanova University,61,6,/players/a/allenma01.html
2008-09,30,MIL,NBA,Malik Allen,49,3,579,7.3,.006,.124,6.8,14.5,10.5,9.5,0.6,1.7,10.0,15.4,96,110,-0.2,0.5,0.3,.024,-4.5,-0.1,-4.6,-0.4,PF,Right,6.083333333333333,255.0,Villanova University,61,7,/players/a/allenma01.html
2009-10,31,DEN,NBA,Malik Allen,51,3,456,5.9,.052,.112,9.2,11.5,10.4,5.1,1.2,0.8,15.3,14.0,93,110,-0.3,0.3,0.1,.009,-4.2,-0.8,-5.0,-0.3,PF,Right,6.083333333333333,255.0,Villanova University,61,8,/players/a/allenma01.html
2010-11,32,ORL,NBA,Malik Allen,18,0,178,3.3,.000,.065,8.1,12.8,10.5,3.3,0.3,1.7,8.6,9.1,92,105,-0.1,0.2,0.2,.046,-5.3,1.4,-3.9,-0.1,PF,Right,6.083333333333333,255.0,Villanova University,61,9,/players/a/allenma01.html
2004-05,29,SEA,NBA,Ray Allen,78,78,3064,20.9,.372,.286,3.2,10.7,6.9,18.1,1.5,0.1,9.2,28.0,117,112,9.7,1.0,10.7,.168,5.6,-1.9,3.7,4.4,SG,Right,6.416666666666667,205.0,University of Connecticut,5,8,/players/a/allenra02.html
2005-06,30,SEA,NBA,Ray Allen,78,78,3022,22.2,.435,.239,2.8,10.6,6.6,17.2,1.8,0.4,10.2,27.4,118,116,9.8,-0.3,9.5,.150,6.7,-3.1,3.6,4.2,SG,Right,6.416666666666667,205.0,University of Connecticut,5,9,/players/a/allenra02.html
2006-07,31,SEA,NBA,Ray Allen,55,55,2219,21.6,.384,.268,3.1,10.4,6.7,19.0,1.9,0.4,10.7,29.5,112,112,5.4,0.9,6.3,.136,5.4,-2.1,3.4,3.0,SG,Right,6.416666666666667,205.0,University of Connecticut,5,10,/players/a/allenra02.html
2007-08,32,BOS,NBA,Ray Allen,73,73,2624,16.4,.458,.240,3.6,8.3,6.1,14.6,1.3,0.5,10.4,21.6,116,103,5.6,4.1,9.7,.177,3.2,-0.1,3.1,3.4,SG,Right,6.416666666666667,205.0,University of Connecticut,5,11,/players/a/allenra02.html
2008-09,33,BOS,NBA,Ray Allen,79,79,2876,17.3,.467,.239,2.9,8.6,5.9,12.6,1.3,0.4,10.4,20.8,122,106,7.4,3.7,11.1,.186,4.3,-0.3,3.9,4.3,SG,Right,6.416666666666667,205.0,University of Connecticut,5,12,/players/a/allenra02.html
2009-10,34,BOS,NBA,Ray Allen,80,80,2819,15.2,.410,.260,2.0,8.8,5.5,12.3,1.2,0.7,10.6,20.2,115,108,5.1,2.9,7.9,.135,2.3,-0.7,1.7,2.6,SG,Right,6.416666666666667,205.0,University of Connecticut,5,13,/players/a/allenra02.html
2010-11,35,BOS,NBA,Ray Allen,80,80,2890,16.4,.387,.224,2.3,9.0,5.8,12.7,1.4,0.4,9.8,19.8,116,104,5.8,4.2,10.0,.166,3.2,0.4,3.6,4.1,SG,Right,6.416666666666667,205.0,University of Connecticut,5,14,/players/a/allenra02.html
2011-12,36,BOS,NBA,Ray Allen,46,42,1565,14.8,.475,.215,1.1,9.2,5.3,11.8,1.7,0.4,11.2,18.6,111,101,2.5,2.2,4.7,.145,2.4,0.3,2.6,1.8,SG,Right,6.416666666666667,205.0,University of Connecticut,5,15,/players/a/allenra02.html
2012-13,37,MIA,NBA,Ray Allen,79,0,2035,14.7,.510,.243,2.6,10.1,6.6,10.2,1.7,0.6,12.5,19.3,112,107,3.4,1.9,5.4,.126,1.7,-1.5,0.2,1.1,SG,Right,6.416666666666667,205.0,University of Connecticut,5,16,/players/a/allenra02.html
2013-14,38,MIA,NBA,Ray Allen,73,9,1936,12.8,.569,.214,1.6,11.4,6.7,11.1,1.5,0.4,12.4,16.8,111,109,2.5,1.5,4.1,.101,1.3,-1.2,0.1,1.0,SG,Right,6.416666666666667,205.0,University of Connecticut,5,17,/players/a/allenra02.html
2004-05,23,BOS,NBA,Tony Allen,77,34,1262,14.7,.080,.393,8.0,12.3,10.2,8.2,3.1,1.4,14.5,18.9,106,104,1.2,1.6,2.7,.103,-0.7,0.6,-0.1,0.6,SGPG,Right,6.333333333333333,213.0,Oklahoma State University,25,0,/players/a/allento01.html
2005-06,24,BOS,NBA,Tony Allen,51,9,978,12.9,.124,.489,4.1,9.6,6.9,11.2,2.7,1.4,16.8,18.8,103,106,0.6,1.0,1.7,.082,-1.6,0.2,-1.4,0.2,SGPG,Right,6.333333333333333,213.0,Oklahoma State University,25,1,/players/a/allento01.html
2006-07,25,BOS,NBA,Tony Allen,33,18,805,17.0,.127,.517,5.1,13.6,9.2,12.5,3.2,1.2,19.1,22.1,105,104,0.8,1.1,1.9,.111,0.0,1.1,1.1,0.6,SGPG,Right,6.333333333333333,213.0,Oklahoma State University,25,2,/players/a/allento01.html
2007-08,26,BOS,NBA,Tony Allen,75,11,1373,10.7,.147,.465,3.1,11.0,7.3,13.1,2.4,1.3,18.9,19.6,98,99,-0.1,2.8,2.7,.093,-3.2,1.8,-1.4,0.2,SGPG,Right,6.333333333333333,213.0,Oklahoma State University,25,3,/players/a/allento01.html
2008-09,27,BOS,NBA,Tony Allen,46,2,887,12.9,.095,.384,3.2,10.7,7.1,12.0,3.2,2.1,18.8,21.5,98,100,-0.2,1.8,1.6,.085,-2.7,2.5,-0.3,0.4,SGPG,Right,6.333333333333333,213.0,Oklahoma State University,25,4,/players/a/allento01.html
2009-10,28,BOS,NBA,Tony Allen,54,8,889,14.2,.020,.470,7.4,12.5,10.0,13.0,3.5,1.7,17.8,19.6,101,101,0.2,1.6,1.9,.100,-1.8,2.6,0.8,0.6,SGPG,Right,6.333333333333333,213.0,Oklahoma State University,25,5,/players/a/allento01.html
2010-11,29,MEM,NBA,Tony Allen,72,31,1494,18.3,.047,.370,5.5,9.9,7.7,10.9,4.5,2.4,13.1,19.9,110,101,2.0,2.7,4.7,.152,0.7,2.9,3.6,2.1,SGPG,Right,6.333333333333333,213.0,Oklahoma State University,25,6,/players/a/allento01.html
2011-12,30,MEM,NBA,Tony Allen,58,57,1525,15.7,.058,.391,7.4,10.6,8.9,8.3,3.6,1.8,15.2,18.4,106,100,1.7,2.5,4.2,.131,0.0,2.5,2.5,1.7,SGPG,Right,6.333333333333333,213.0,Oklahoma State University,25,7,/players/a/allento01.html
2012-13,31,MEM,NBA,Tony Allen,79,79,2109,13.2,.038,.293,6.6,13.8,10.2,7.6,3.1,1.7,11.5,17.8,102,98,1.0,4.1,5.1,.115,-1.6,2.9,1.3,1.8,SGPG,Right,6.333333333333333,213.0,Oklahoma State University,25,8,/players/a/allento01.html
2013-14,32,MEM,NBA,Tony Allen,55,28,1278,15.6,.114,.293,7.3,12.0,9.6,11.7,3.8,1.2,16.2,20.1,102,101,0.5,2.1,2.7,.100,-0.1,2.4,2.3,1.4,SGPG,Right,6.333333333333333,213.0,Oklahoma State University,25,9,/players/a/allento01.html
